{
    "810876072568160318|851471646870732800": 1775994813.868478,
    "1166722225966157874|810876072568160318": 1775999153.368216
}